address,chain,role,block,nonce
0xd437f3372f3add2c2bc3245e6bd6f9c202e61bb3,ethereum,sender,24739500,206075
0x0000000aa232009084bd71a5797d089aa4edfad4,ethereum,receiver,24739500,
0xae2fc483527b8ef99eb5d9b44875f005ba1fae13,ethereum,sender,24739500,6014596
0x1f2f10d1c40777ae1da742455c65828ff36df387,ethereum,receiver,24739500,
0x8b5606469e21c75edd7c74d1c7a65824675d9aff,ethereum,sender,24739500,124992
0x9ccc2f3ecde026230e11a5c8799ac7524f2bb294,ethereum,receiver,24739500,
0x625f39cdf33ca32c18caf3d9679f11cfbcd1ff75,ethereum,sender,24739500,852
0x66a9893cc07d91d95644aedd05d03f95e1dba8af,ethereum,receiver,24739500,
0x71d8a5347501bbbced9ea4c95dc9b20dec961e29,ethereum,sender,24739500,2
0x0789dbae94fb18e5789b8e4489bcb7a1adb58622,ethereum,receiver,24739500,
0xb76e1378b609081d34d564a8658656e690fe11fe,ethereum,sender,24739500,341
0xefe13691f470c5e95c6d2ec670697fdf5abb931b,ethereum,receiver,24739500,
0xacdd7f396f0ffbc8b4a039a6c360f6097149204b,ethereum,sender,24739500,166
0xdac17f958d2ee523a2206206994597c13d831ec7,ethereum,receiver,24739500,
0x482a42e47ac1af9e559df3d7e1d4dabde75c22d4,ethereum,sender,24739500,19234
0x5c1dfaceaa7395dc113a02e7ff71c3772d33972b,ethereum,receiver,24739500,
0x63c79fccd0a21e4a4d87056a0efe3b85d8c373d4,ethereum,sender,24739500,620935
0xa0b86991c6218b36c1d19d4a2e9eb0ce3606eb48,ethereum,receiver,24739500,
0x2422f45b08a8f875efce9f4b1a4c1a655267183b,ethereum,sender,24739500,4
0xbaa67174531f0c031f91a373f6788c7e821af2c5,ethereum,sender,24739500,249812
0xc8f331a8e18d09f7b740c4ad986d8ed26aa8922c,ethereum,receiver,24739500,
0xd37ac934502619cee14908cef22138f4b98e06b4,ethereum,sender,24739500,167681
0x2a882198e48ce62828451465cd4264a3d9741083,ethereum,sender,24739500,0
0x20ff49ea3385b6488946430ed1d4de6d91b43cad,ethereum,receiver,24739500,
0xcd32c8040ffca2a084edfaae6a5b6c30666c9879,ethereum,sender,24739500,0
0xd7aa9f8431f567cd9944ff486ed84ef2d17d4423,ethereum,receiver,24739500,
0xa60b3c680cedd8c522cd4e2399d5cbee30334bd0,ethereum,sender,24739500,0
0x74e6d8bbe55b6c230a90eb12259b939873e86d0e,ethereum,receiver,24739500,
0x9642b23ed1e01df1092b92641051881a322f5d4e,ethereum,sender,24739500,2799407
0x904567252d8f48555b7447c67dca23f0372e16be,ethereum,receiver,24739500,
0x466ba3edd0783b0e0e675b50e7e59396b0433064,ethereum,sender,24739500,4311
0x7d328f5d5f4640f81b2f93d2903ec0a6c030eed6,ethereum,sender,24739500,30254
0x0d0707963952f2fba59dd06f2b425ace40b492fe,ethereum,sender,24739500,9476810
0xdfd5293d8e347dfe59e90efd55b2956a1343963d,ethereum,sender,24739500,13755075
0x21a31ee1afc51d94c2efccaa2092ad1028285549,ethereum,sender,24739500,14283424
0x28c6c06298d514db089934071355e5743bf21d60,ethereum,sender,24739500,15885270
0xee7ae85f2fe2239e27d9c1e23fffe168d63b4055,ethereum,receiver,24739500,
0x4b0604cf63ae0970f4c7c981e84cf72ee25d1778,ethereum,sender,24739500,0
0xeba88149813bec1cccccfdb0dacefaaa5de94cb1,ethereum,receiver,24739500,
0x0000008e3ed6dd3e870eb169119f1961ba98cfc3,ethereum,sender,24739500,18328
0x00000688768803bbd44095770895ad27ad6b0d95,ethereum,receiver,24739500,
0xcdd37ada79f589c15bd4f8fd2083dc88e34a2af2,ethereum,sender,24739500,741169
0x13aeef64a82338d4487979e6f60e06485b6e457f,ethereum,receiver,24739500,
0x559432e18b281731c054cd703d4b49872be4ed53,ethereum,sender,24739500,3837711
0x2e27a68ed20e33abb96c34bcae3f68a0240793dc,ethereum,sender,24739500,22405
0x681e908b8ab57c49c74d770f369754ccc3e1ae09,ethereum,receiver,24739500,
0x716b6f2ed9cbd3ee8a47b7afba9ddc96f08d4e9b,ethereum,sender,24739500,6
0x68749665ff8d2d112fa859aa293f07a622782f38,ethereum,receiver,24739500,
0xe8e7fe5eb61bb80ce471780c47a2b7e2aed97e42,ethereum,sender,24739500,1359
0xeeac13a800e2d0f99b18e76452764a376b95490c,ethereum,receiver,24739500,
0xf4241da70734375dff580bfeebf4e5b748424575,ethereum,sender,24739500,131249
0xa973e24eae1cbc4c9fe75773c8a063f56779a344,ethereum,sender,24739500,1347
0x25b4f5d4c314bcd5d7962734936c957b947cb7cf,ethereum,receiver,24739500,
0x53f6e89add394b1f6e684de2505708a4f7a307ea,ethereum,sender,24739500,0
0xc301c43fbc49c8e98b7d363ffabdb5f39d52d60e,ethereum,receiver,24739500,
0x5ac98f4260a266be1565c93e57dedfd2fe4c1881,ethereum,sender,24739500,943
0xb47e3cd837ddf8e4c57f05d70ab865de6e193bbb,ethereum,receiver,24739500,
0x168470c67f1b6d6e89d0c7cb51c1adc6b5c6cc8a,ethereum,sender,24739500,29102
0xa22f1ac02b5fc04f2e355c30aebfd82a7465b250,ethereum,sender,24739500,718474
0xe73d53e3a982ab2750a0b76f9012e18b256cc243,ethereum,receiver,24739500,
0x8469568d035d42388ae4f98372b6aad6adb502a9,ethereum,sender,24739500,1285
0x3616453040cbc2575dae9c7ac0310c4462362a35,ethereum,receiver,24739500,
0xeb6c4be4b92a52e969f4bf405025d997703d5383,ethereum,sender,24739500,402207
0x110c68df297370c53c6dca1bd2413ff67324527c,ethereum,receiver,24739500,
0xbee6a469e91e8787d44455e38318769e02f88004,ethereum,sender,24739500,47463
0xbee3211ab312a8d065c4fef0247448e17a8da000,ethereum,receiver,24739500,
0x0d4a29333a57222a48a5042bdb9a571f82f021f5,ethereum,sender,24739500,19480
0x1921e0ff550c09066edd4df05d304151c45e77de,ethereum,receiver,24739500,
0x776bf68d0ab5116c69492f437b03f55b24bbffee,ethereum,sender,24739500,86
0x5e1f62dac767b0491e3ce72469c217365d5b48cc,ethereum,receiver,24739500,
0xad11109039f5f2c954db600c03ba0ef25e5fe9bd,ethereum,sender,24739500,94636
0xa883710b6dbf008a1cc25722c54583e35884a209,ethereum,sender,24739500,11461
0x9008d19f58aabd9ed0d60971565aa8510560ab41,ethereum,receiver,24739500,
0x264bd8291fae1d75db2c5f573b07faa6715997b5,ethereum,sender,24739500,5087785
0x2641e230a198f2224aa1d94baf304774f804f3c3,ethereum,receiver,24739500,
0xaddec634f0ba86e788c54b306e86dda52bbee398,ethereum,sender,24739500,67292
0x96f28fbe820b15f70dfd587adb8fc3f19bf2096d,ethereum,receiver,24739500,
0xf9766ad4a178e6ec2dd3d49babc50016b461267d,ethereum,sender,24739500,8
0x7aec316c41a8f194b75e8a3816449aa30cedafa4,ethereum,receiver,24739500,
0x2433c9e5fb2e567a98afcb7f62d4c5f648f8392f,ethereum,sender,24739500,513
0x8a67326a3ea768a0045e6f22a363f1b01ebcbf35,ethereum,receiver,24739500,
0x3bec991d3084d09da74edb61450345146a0bd8d3,ethereum,sender,24739500,424
0xc0d626efba75d74d6c50e3b1dadbb41d32169748,ethereum,receiver,24739500,
0xc6ed338a494036f8c0962d6f2106fa777544c1b6,ethereum,sender,24739500,3
0xf7b06baa2ada5380540e5b74541c2de1c8c3b98a,ethereum,sender,24739500,162
0xacddac6c77318b615f7f6fb9bb67c6833e9c05f1,ethereum,receiver,24739500,
0x3d91fb758f71f5eec571fc1585e0647bcd59fe2a,ethereum,sender,24739500,3
0x1566df15f4c43f6b6dba905ae54b1d9dabb3435c,ethereum,sender,24739500,1
0x023262339a7506c54514e1ae5b9a94cda709ca74,ethereum,receiver,24739500,
0xee89c2c928843ec95f8050e439cf99dec8b22f4a,ethereum,sender,24739500,1
0xfa533435f1f355ab76b3bf927c04471398ea5bff,ethereum,sender,24739500,1
0xf6158d4a302e5141c813f4e684c3459c3d20b2ff,ethereum,sender,24739500,1
0xf99db53639708ef4d7ff8efeff55f6eafc498b6d,ethereum,sender,24739500,1
0x91fb7cd651d1e427cae2aa04b196d22a51c7aead,ethereum,sender,24739500,35
0x095bfaca9f1c6f2b063cd67c6d6bfcd0c3aab7b4,ethereum,receiver,24739500,
0x89fb98daaa9158be8f6c51d38de9002d042a127c,ethereum,sender,24739500,9
0xa129e3fc01bd2b166f2d268b31bfe579e96e1d9f,ethereum,sender,24739500,13
0x2b3c1760a126275002cf7ea003fa4d513cc89f0d,ethereum,receiver,24739500,
0xcaaf80727dc62da349f238e77e9eadd75da2850f,ethereum,sender,24739500,7
0x8c78def659f6ebd8142018316a83de81a957acba,ethereum,sender,24739500,287
0xfd88082023132c558037d248bdc65715cf44dade,ethereum,receiver,24739500,
0xc36b544c986d6904fef0d1d97bc6b82e70cd342f,ethereum,sender,24739500,2
0xaf61e8c5f83787cdd7fb0f8bb3d29cd23aac2a85,ethereum,sender,24739500,228
0x2401c39d7ba9e283668a53fcc7b8f5fd9e716fdf,ethereum,receiver,24739500,
0xba975af2963f8deda1ab21af8daa1f83bb364ff2,ethereum,sender,24739500,76
0x036d040d688c76fa23d0799a9ea9ef2ab379811b,ethereum,receiver,24739500,
0x44955de29bb084ac976569ebca62c84ace9424a4,ethereum,sender,24739500,3
0x4c39ed0438d5e8913acf423db6d56cce78b2d367,ethereum,receiver,24739500,
0x7e16def78c5ffb2408efd96fff27423468e62a1d,ethereum,sender,24739500,54
0x05a2ee196eb18c45f7d879ca744b1f4c2dd712e3,ethereum,sender,24739500,79
0xb3c0e7324a5bea596d8c83c735e3d485c344874e,ethereum,sender,24739500,112
0x4630b07830efbf9c17bf742b748ed72a6f8f1cd6,ethereum,sender,24739500,153
0x10a7aca36d27ef3fb63b638b39ca0d87d15972a0,ethereum,receiver,24739500,
0x9d5765595a92c560c8759d2a9c375c66123765a5,ethereum,sender,24739500,807
0x4cd00e387622c35bddb9b4c962c136462338bc31,ethereum,receiver,24739500,
0x2ebfede5737a674f8caf02e43dec8a7460a02977,ethereum,sender,24739500,8809
0x9b5e92fd227876b4c07a8c02367e2cb23c639dfa,ethereum,receiver,24739500,
0x8d14cc0bd51084b0da1284f1cb8c09028e00bbd5,ethereum,sender,24739500,3334
0x27b49463f79fdbffc24cdf3a4f51344faca40793,ethereum,sender,24739500,1
0x6e4296ab1bad81d3199799516b29d2257a35a419,ethereum,sender,24739500,1
0x5dcfb099076dbf8cecc84a30e2ad5535bcb0cb99,ethereum,sender,24739500,69
0xe86c9677fcc6936b0f6a71a19738dd0911396961,ethereum,receiver,24739500,
0xd7b6df0cea8a29c33b6c0d8a4e178637981c3307,ethereum,sender,24739500,0
0x4e5b2e1dc63f6b91cb6cd759936495434c7e972f,ethereum,receiver,24739500,
0x4070b7d82467b5d4fa29882dff6525f8ff1f879c,ethereum,sender,24739500,18
0x03caa8f2f455a144fe7d811c0d7a15efaec1b50f,ethereum,receiver,24739500,
0xf76a4d4701e59b10174addd9c8e5f2b57cbce9a6,ethereum,sender,24739500,4
0xd73e8366948a32aab1cc58ea4db3f49d2013adc6,ethereum,sender,24739500,1327
0xea75cb12bbe6232eb082b365f450d3fe06d02fb3,ethereum,receiver,24739500,
0xf18caf226818e997ecfc08634f43c2cbad5bf53f,ethereum,sender,24739500,30
0x5e0f8e7337c8955d2124b8e85ca74af884b3e124,ethereum,receiver,24739500,
0xa7ff9e0afe0712be5f0778e6349e2e66d5589aa0,ethereum,sender,24739500,26
0xf955802eeeb2ab3fcedf2b19ec4503e7eb745eee,ethereum,sender,24739500,32
0x8fc0aacd73cba676537c54fd9edf1f115a902d5d,ethereum,sender,24739500,26
0xa54c1ae4442cc0c054a4b7392c17141b02e3a524,ethereum,sender,24739500,26160
0xbb7ffe3e4c598c091a3220e1643bf59a3595c668,ethereum,receiver,24739500,
0x29e052c9dd3161d0a29483f8d90e6fe1a512ee2f,ethereum,sender,24739500,7
0x298dc6526598fcfa58481f4e634ace6ed0591abd,ethereum,sender,24739500,7528
0x923db29120c70a2077be40403ee9edf4a8a4de6f,ethereum,receiver,24739500,
0x90d526929e4458e02b3389f383a288b14492f674,ethereum,sender,24739500,42429
0x278d858f05b94576c1e6f73285886876ff6ef8d2,ethereum,receiver,24739500,
0xeca103ded8af9ad6b54f4d2f961c593465830a09,ethereum,sender,24739500,4
0x1f9ad114954ca54c215243eadf076ed060e33888,ethereum,sender,24739500,6919
0x1fc5480211b985e615f52f94c7df2e0e161d8fb2,ethereum,receiver,24739500,
0x0e410bdb7bf00debeef306ca060d37cbee0d7f1e,ethereum,sender,24739500,1
0x9d715a33bcf298641b5ec6889e3cdf34312ba77d,ethereum,sender,24739500,2
0xc3609c0a7d44451f9a85609d0b807925f8dd342f,ethereum,sender,24739500,2
0xcdc0d65be4139388a58cc97460e66a5dc0e93a86,ethereum,sender,24739500,8
0xe403a3e153a52a0f6ea714d96c8c774b2fba0a2c,ethereum,sender,24739500,1
0x8ade12f752aaf630d0ce5ea5fd6ee113d7338750,ethereum,receiver,24739500,
0xa7fa198596ab1701f1d6b5dd5a6d0f00948d0fab,ethereum,sender,24739500,106
0xcbd6832ebc203e49e2b771897067fce3c58575ac,ethereum,receiver,24739500,
0x8672a3a1c258d3a6601be83d9505365ef715afd6,ethereum,sender,24739500,84483
0x57e114b691db790c35207b2e685d4a43181e6061,ethereum,receiver,24739500,
0xa61761b72815ecaba8ef11c1c624b2efafb4fd18,ethereum,sender,24739500,1
0xc02aaa39b223fe8d0a0e5c4f27ead9083c756cc2,ethereum,receiver,24739500,
0xfe187c94c218e109ee63f343a071c18c74c1eeaa,ethereum,sender,24739500,1
0xcd102a254800369ee0d17c0e81773e1910e60170,ethereum,sender,24739500,1
0xa91df78f691e90dc17ab7f4181476293ee59e3cf,ethereum,sender,24739500,1
0x7197a8bd2fd736001d295b0d88d65d252fc74cf8,ethereum,sender,24739500,175
0xa26148ae51fa8e787df319c04137602cc018b521,ethereum,receiver,24739500,
0x490e5f67c7c5fef8db1dc747063edc0794d1c873,ethereum,sender,24739500,48
0xff601fb4c2841f182937c2432b3337a3431ff8bd,ethereum,sender,24739500,15
0x18bfc566fcc5f5705a8f253ff4c6d8954e0144de,ethereum,sender,24739500,59
0xfff3f3984c1db103102f422f78296d5c60fce0f0,ethereum,sender,24739500,451
0x0afd8784f9375539a3c4a1da83438a7ede62a50b,ethereum,sender,24739500,121
0xaa89a43d07e9cee5dc8f0607c02b7799d8e7f443,ethereum,sender,24739500,2319
0xf2c95862d782ec47236231a51a264b843ee45634,ethereum,receiver,24739500,
0x267ee4d84a3ea8ddcb776a4c9917457b3ef0fc25,ethereum,sender,24739500,19
0x380075bda2e2ac9b3106d00ae2763cdfed5e5248,ethereum,sender,24739500,536
0xf9ae60c0cb90cb6869bcd8bde2f18528b26b5d6d,ethereum,receiver,24739500,
0x104da4efb22a7e560e6df9c813e5eb54ca038737,ethereum,sender,24739500,88304
0x51c72848c68a965f66fa7a88855f9f7784502a7f,ethereum,receiver,24739500,
0x396343362be2a4da1ce0c1c210945346fb82aa49,ethereum,sender,24739500,474650
0xfa513647763a95325b5b5cb314854efefeacaaaf,ethereum,receiver,24739500,
0xc7e38333587650df1a524efa1c27fd7e7c4a4fae,ethereum,sender,24739500,0
0xf6b8fbdea69322277fb90bfc30cc64542b8fb7a8,ethereum,receiver,24739500,
0xc77093698dc6625dbd5bb884a70cec5b6c5b6e68,ethereum,sender,24739500,0
0x2e0d334cfe5ea04804a4810f97db818b8ed5cdb8,ethereum,receiver,24739500,
0xf7b083403b52cc5da3ab47d76825de08bb2eb98a,ethereum,sender,24739500,0
0x1096cc834b310ad6c1dfe71369d241cc0e352df9,ethereum,receiver,24739500,
0x30b003b3cf8c578443b9ab480d21b1989419f241,ethereum,sender,24739500,0
0x58e54a95a714bea09a02769fd393dd2d322c3059,ethereum,receiver,24739500,
0xa4e05653773b5b0802957a60b71f06fe8b5c223c,ethereum,sender,24739500,1
0x508e5332a7db52e54c9b9d6af084657c2eac9d81,ethereum,receiver,24739500,
0xc80c497c423792804472947be643ee231a452416,ethereum,sender,24739500,1151
0x7a5b84687a5d98260674c2e12b411484878e0bd0,ethereum,receiver,24739500,
0x3fcc12c63558efde49f5a7129724004d016a74f7,ethereum,sender,24739500,11
0xa36243087e281b8a4a0a176bd19373d4e8da7f0f,ethereum,receiver,24739500,
0xb9e33dc3e59d66f0d9356ed417d283c11ddc85bf,ethereum,sender,24739500,126
0x518155c21d5651918625e15f9aad878c1b0c7f08,ethereum,receiver,24739500,
0xd7a59a756b385834e2b1a397d41378e6d7214423,ethereum,sender,24739500,45
0xfb23bd19876bf865a87fb842d71574853898f99f,ethereum,receiver,24739500,
0x95d6b04e6932d6413132fcd649ce468146715c36,ethereum,sender,24739500,4
0x9bdbbd6ff7889e1cb668c21c5da3c8a73a7742ae,ethereum,receiver,24739500,
0xa3a041f3997b1f9206406242e91f435b48ad0bc2,ethereum,sender,24739500,87258
0x07f6ce0b13477152d9d1a7768d0a8efc1a03133a,ethereum,receiver,24739500,
0xecd072899ab0459f4fdb0c9719cf5c3d3e26af17,ethereum,sender,24739500,1
0xabe2b910230c61701fdb320e85c42aacde86bf2f,ethereum,sender,24739500,2116
0x3008e5ee5cacff4ed2c83dd6f42ad5b6a2f8daef,ethereum,receiver,24739500,
0x14036be5a2132d73c303a9db45bc2a4505532744,ethereum,sender,24739500,4
0xaa2a33c424b92cdc042e40c522cb48e586e83026,ethereum,receiver,24739500,
0x3a09c40f8f7b93c8c7e09a5422e56dfe7c7d2794,ethereum,sender,24739500,135744
0x6c3ea9036406852006290770bedfcaba0e23a0e8,ethereum,receiver,24739500,
0xb8df77592edb6458ec9203c75b6b63770a56f8f6,ethereum,sender,24739500,198963
0xd7e42d9502fbd66d90750e544e05c2b3ca7cbd22,ethereum,receiver,24739500,
0xa0f415295c159fb546bf633da1e3b50158389916,ethereum,sender,24739500,9673
0xfd8f2246604a99036508aa6ad7ea14cef40fce21,ethereum,receiver,24739500,
0x75824c8705b40cc268261905aa111668d8a9f746,ethereum,sender,24739500,0
0x4fb01a8e796e913280ac89725ddce3203f0ad976,ethereum,sender,24739500,0
0xab782bc7d4a2b306825de5a7730034f8f63ee1bc,ethereum,sender,24739500,765882
0x643c4e15d7d62ad0abec4a9bd4b001aa3ef52d66,ethereum,receiver,24739500,
0x1887fa9edadeab7562b01cc3f4fa246ace2c3cdd,ethereum,sender,24739500,249600
0x8f0d024e780b7e2fd633a4d6d43631a96e8cb059,ethereum,sender,24739500,210548
0xbbd0d4d067d5af2065b1b6fd936d93237ae1c56c,ethereum,sender,24739500,785196
0x3a9efbf3f54a7a28c67b9fe6de2ad49e09c19e48,ethereum,receiver,24739500,
0xc351f507c1dfb1d27956024af6ddccb2f1e8176c,ethereum,sender,24739500,14389
0x26d3681dfc9e4c8c79cfbf461adec8a21d5d73c5,ethereum,receiver,24739500,
0x25a453d22f152c4f0ee7628fdad0bc24c71534a7,ethereum,sender,24739500,270
0x3ea9d2b102f9f7995aa9dfc20c0b2e6a684617a9,ethereum,receiver,24739500,
0x20e4b64ba91f74d5a361c21869f52f5e63f91426,ethereum,sender,24739500,30219
0x53b6b294c3871fd7e05dc3d9abbfc89ad9be6448,ethereum,receiver,24739500,
0x613874e81478ef4213c0ca3fb768b878adb6fd8b,ethereum,sender,24739500,19665
0x7051030bc197adb2071f08491ec3083411539f33,ethereum,receiver,24739500,
0xa7b5ce53d71d2215d679642307adfa3f39de5448,ethereum,sender,24739500,152631
0xc4dab700b0fdbdca7afcce55594cac78ee2938a1,ethereum,receiver,24739500,
0xe729f1972687e679a9956876e7ea59c921d327b7,ethereum,sender,24739500,1935
0xb841f365d5221bed66d60e69094418d8c2aa5a44,ethereum,receiver,24739500,
0x17dedcd0b7f0805d7d3f688251410da25c89ba9a,ethereum,sender,24739500,85
0x0a7442c24f7cc9a4cf01f289a8f3ac0b58568710,ethereum,sender,24739500,62
0x2baba30ed73db0fa42eab4186d49aa5b8e0dc544,ethereum,sender,24739500,13
0xc6e56b6e84101045f5dc60d3145649bd787e487a,ethereum,sender,24739500,1
0x6e18a578adce8335aa5e0bae03fb4994b835ecd0,ethereum,sender,24739500,38
0xec13e2649171e5cfc88f6e9b755b0406fa5442c1,ethereum,sender,24739500,2
0x8ed4026b9c56635c2c0d2e78d353a7815850351e,ethereum,sender,24739500,8
0x89ab25e1ff7bff9dbb080988f147be4c1d902b46,ethereum,sender,24739500,112
0x3b72d3dd83cf7ca8089797584b9549dd1c147a7f,ethereum,sender,24739500,1286
0xe584e3df7f33c69d06407333365133e1835b9089,ethereum,sender,24739500,20
0x93a62b9c3843c75b06a0471ca6a0353319a71c9c,ethereum,sender,24739500,501
0x6eb5550bc496553782d11a8bd966b884665a80c2,ethereum,sender,24739500,24
0x941e058d103908f9b40bfc00ad5293527300ac8f,ethereum,sender,24739500,0
0x97b06508086f3209438bf92c38233b8c418ce9d2,ethereum,sender,24739500,760
0xf40f616c5d900c555dd70bede1a6dee2845ac9b4,ethereum,sender,24739500,8
0xe649829a9c36937f318c8c980dc70245f0ea310e,ethereum,sender,24739500,4
0xa3ab3c74b40a52bc9532b766df3a83f0b1d1d21e,ethereum,sender,24739500,50
0x5e264686225a558f032b7b4da944ddb95ae42c94,ethereum,sender,24739500,10984
0x2858e8628327ab695bb751a328cfb3d5dfd762f4,ethereum,sender,24739500,131217
0x173272739bd7aa6e4e214714048a9fe699453059,ethereum,receiver,24739500,
0x196c00c1b00000000000007c00739ad9faa3ee77,ethereum,sender,24739500,13680
0x009a8dbad7000f0000009b002d050058ca881b57,ethereum,receiver,24739500,
0x5e66731c0f21061f35e2100cea2f758cd8771a64,ethereum,sender,24739500,0
0x7a250d5630b4cf539739df2c5dacb4c659f2488d,ethereum,receiver,24739500,
0xe1f950e81b8e3f24064ca52a7ad11dd2f285d53c,ethereum,sender,24739500,42
0x6c2bfbe4f58771b96124144009ba7bc35818a22f,ethereum,receiver,24739500,
0x099b1d292689be58f498f127f4e08fe4f0969bce,ethereum,sender,24739500,82323
0x1f2deef0066b5ea22d703f434df7733ab6b93be8,ethereum,receiver,24739500,
0x1ab4973a48dc892cd9971ece8e01dcc7688f8f23,ethereum,sender,24739500,2959455
0x090fc3ead2e5e81d3c0fa2e45636ef003bab9dfb,ethereum,sender,24739500,36373
0xae68b7117be0026cbd4366303f74eecbb19e4042,ethereum,receiver,24739500,
0x30ba0e13a5c1616091bacc91ad2af8bd5890f241,ethereum,sender,24739500,1
0xdda3b51e29f9d6fad865c5dd7070d5f7eb57663e,ethereum,sender,24739500,305591
0x8d8210a0252a706cb5de0c6f8e46b6d3692afc19,ethereum,receiver,24739500,
0xd6434d157f254276d69ede3bd9fc805482206908,ethereum,sender,24739500,98080
0x7ec8a30a34b86927dc77b302603d1d53e640bef7,ethereum,receiver,24739500,
0x1c727a55ea3c11b0ab7d3a361fe0f3c47ce6de5d,ethereum,sender,24739500,2075442
0x0d84227adc391de6d1d0b6ec4fc531c5e51937e1,ethereum,receiver,24739500,
0x4ce07ed82d8fa16a97831e881b75efa350a97429,ethereum,sender,24739500,26
0x0e937273937e11be6ebec91a0797591b584ad5bd,ethereum,receiver,24739500,
0x09277db53892626f4fffef0097ea67a8aa0e93fe,ethereum,sender,24739500,26
0x4337006f33e2940fcbebd899bf2396117e65df9b,ethereum,sender,24739500,34501
0x5ff137d4b0fdcd49dca30c7cf57e578a026d2789,ethereum,receiver,24739500,
0x9bdbbd6ff7889e1cb668c21c5da3c8a73a7742ae,ethereum,sender,24739500,186562
0xaf131dfb0480bb7f00c689f0e1f581bb8afafc27,ethereum,receiver,24739500,
0x4527807b694966bcce2563a5777b26af200df02b,ethereum,sender,24739500,1374
0x0de8bf93da2f7eecb3d9169422413a9bef4ef628,ethereum,receiver,24739500,
0xd889a0fc818983c470acdd1089d39ab19f10d950,ethereum,sender,24739500,385
0xeb8ca078f3b9c9f02723de81ceb4abb31d446a3b,ethereum,sender,24739500,1842
0x5009cf46c767cc49603bc21d13193a55dcea05f7,ethereum,sender,24739500,1775
0x9ca1d6e730eb9fbfd45c9ff5f0ac4e3d172d8f4d,ethereum,sender,24739500,1167
0xae78736cd615f374d3085123a210448e74fc6393,ethereum,receiver,24739500,
0xe98b10a22a5e122610d59958fa81faab2bcdda73,ethereum,sender,24739500,1450
0x2ed94fbe8050537df6125e9167f269715192320e,ethereum,receiver,24739500,
0xf8fa524a5c4c8eb0140bf570101dbf9eb517d81e,ethereum,sender,24739500,76044
0x37996e762fa8b671869740c79eb33f625b3bf92a,ethereum,receiver,24739500,
0x70f74e6187d9988c933aba7a0ce3853ded80184b,ethereum,sender,24739500,1
0x2f821d8936d47b2fd15371fb0812fda35396036b,ethereum,receiver,24739500,
0xa34af8cf9c0f9fabc98e3d1354925c66143e8f36,ethereum,sender,24739500,1082
0x8b61dbcd2a8fd985c0db9c4dd135d959ccb82d5d,ethereum,receiver,24739500,
0x502da45586fa9382e8ae8cbdc9f05b9effd78fb3,ethereum,sender,24739500,4
0x815f5bb257e88b67216a344c7c83a3ea4ee74748,ethereum,receiver,24739500,
0x66e5190b519aa3a2628a481c2b672cdba4cb4c20,ethereum,sender,24739500,2
0x2f82a34906d39afa186a10ebccce16935396036b,ethereum,sender,24739500,122
0x938a5fd98b350fbf79444c09785ba29286222fb7,ethereum,sender,24739500,0
0x4c1c394ec172cd05233adc4a4f0b60c2afa30477,ethereum,sender,24739500,3
0x502d5c909cef85ed040397e942f09d9effd78fb3,ethereum,sender,24739500,3
0x140a19850516d39de4a06da9d4dd609a9e1f2744,ethereum,sender,24739500,0
0x502d08e3a6d7ac1d740cf87f45e75c0effd78fb3,ethereum,sender,24739500,2
0x4c1ce144174fba277c5402ac01f639b2afa30477,ethereum,sender,24739500,2
0x0a7045db87e6d5c43e250ca7c594407c6e228e3e,ethereum,receiver,24739500,
0x63b4be79ab4d6b8c3dad0d13d14ae592745faec1,ethereum,sender,24739500,5
0x18a2f550596f6afa27473e67fa192ced72bcba0b,ethereum,sender,24739500,7
0x140aa7180d751dff1d905882c7a1010a9e1f2744,ethereum,sender,24739500,4
0x815f1fa563ab300ed61ae3fa32f9357a4ee74748,ethereum,sender,24739500,0
0x502d24f9fac77bec28ed5af9f534e67effd78fb3,ethereum,sender,24739500,0
0x6ffe00578033844f42150cf27efbeff2b0c25558,ethereum,sender,24739500,0
0x420bbe843d4ac66d062510c6c52852ee6283cc5d,ethereum,receiver,24739500,
0x70f783854bd8c8bfaa815026651c493ded80184b,ethereum,sender,24739500,88
0x273c7a5c0c77d587d4f0387db696043c0a62ce55,ethereum,sender,24739500,9
0x938aec0084ae7a133faacf6d7e8862a286222fb7,ethereum,sender,24739500,0
0xd08dd6c4125f03ebb24e7d59dfda45075357ada1,ethereum,receiver,24739500,
0x0a7049065adbc15042198ca8a9a0b6dc6e228e3e,ethereum,sender,24739500,2
0x66e5109f30a11f3f0722f9175f800acba4cb4c20,ethereum,sender,24739500,0
0x3df6bbd773c93f76d052437db028662e9f0ef4bc,ethereum,sender,24739500,14927
0x4e4216024a9f06203f83389d8d7a52fb9877d463,ethereum,receiver,24739500,
0xcc8a1ca8e283d1e6fc70a2f8f8a4e064ab1f6905,ethereum,sender,24739500,47
0x055036750ec6625b7c970d2d61435a7772bdd63b,ethereum,sender,24739500,1
0xc0007d8c810bece9b3199bb65799145165f9437c,ethereum,sender,24739500,329747
0xc727eb69ccf89d5911042f21be25a193d67e2c23,ethereum,receiver,24739500,
0xbb2f33f73ccc2c74e3fb9bb8eb75241ac15337e0,ethereum,sender,24739500,552991
0xecd9ce62bf4d913e4f7abe63d36e070f0efcaf17,ethereum,receiver,24739500,
0x5a1c234e98e70949635222bc18841fe0e523c022,ethereum,sender,24739500,0
0x66e52b489a0eacddc157ac78632f3807d8dc4c20,ethereum,sender,24739500,12
0x5e754b40ec99829aa384dd2bd5fad1de521d3667,ethereum,sender,24739500,2
0x0ffcaad7794acc19ccd1dd133dae9d500b00cd7f,ethereum,sender,24739500,21298
0xc6a8b586f447937cc670e86d9e295403b306fd3d,ethereum,receiver,24739500,
0x191ff0ec830f83916a427d169a234c33e48aa79f,ethereum,sender,24739500,49791
0x3b4d794a66304f130a4db8f2551b0070dfcf5ca7,ethereum,receiver,24739500,
0x2c817dc957cc6fdf308dfbe75b7663aa9215d009,ethereum,sender,24739500,1
0xb254b2f960faf69356791e77d46a96398444bbfb,ethereum,receiver,24739500,
0x7c09c442219c5800becacff6ae5b41ab537a4dce,ethereum,sender,24739500,115
0xd8dfbc762b31944e926a711dce88865719e1de4a,ethereum,sender,24739500,1
0x6a79deed8756f2929171a4a804453a24ffd4b48d,ethereum,sender,24739500,4
0xa612253a0f06c11cf786a7a1e45809fa01cbeb38,ethereum,sender,24739500,1
0xe859842d919b42ccec04e516e9c2a520ab9f0f0b,ethereum,sender,24739500,1
0x32be576e4192523fe64964cc117f3100777c1dfe,ethereum,sender,24739500,109
0x9e598e4a186011c837fef31193fd40fe1e5ccfcf,ethereum,sender,24739500,1
0x494d0aaaf36f8edb77b6bdba523cb9c411e84cc8,ethereum,sender,24739500,3
0x288a2395f027f65684d836754ba43afa20ca09e6,ethereum,sender,24739500,1889
0x00d5bbd0fe275efee371a2b34d0a4b95b0c8aaaa,ethereum,receiver,24739500,
0x47530ef740e528c7f263591ee3c1255f4247251c,ethereum,sender,24739500,1
0xedae08da429f089a8b10bbd84b064f1d06b68adc,ethereum,sender,24739500,11
0xba2c598e11ed093079cc324fca5bbba99f616e83,ethereum,receiver,24739500,
0x5065d80c63c7bb5ddf6ab8d614282ab4f01b8d45,ethereum,sender,24739500,1
0xc9bcec43b9453aed2bac9c496b30b740b6a04073,ethereum,sender,24739500,745
0xcd21a60fb9f981dc1274f15ecaa250941edabd4e,ethereum,receiver,24739500,
0xd25995e66a342e4e677e4a33dd4f48ad3b25a8a1,ethereum,sender,24739500,1
0x6fa1673f328de9eab5a91dded7c0f14acbf7b2de,ethereum,sender,24739500,0
0xc99bd830ebb2d1c0cd7e7a57f082670d9a277909,ethereum,sender,24739500,1
0xb421c3967399d9b529eb8471e839e7f7c37c0870,ethereum,sender,24739500,1
0xbd0318af53faeaec290b1d5dc1652bb3c59d913f,ethereum,sender,24739500,5
0x083fc77c31d8016b96ca400cbb09cd3be669c82e,ethereum,sender,24739500,5
0xaf7a3918be731f1b756cc3b8a77df209513dca22,ethereum,sender,24739500,1
0xe3107e1f46586a2d9b6f175820a77823f197717e,ethereum,sender,24739500,4
0x7e3e2195ba8587693c421dd0d6031a1e252f00da,ethereum,sender,24739500,1
0x76dba06c4b147b50211f546fec243f320305a3f3,ethereum,sender,24739500,2
0xbf3d5b009f6b9b520ce620e49b59bb162020d566,ethereum,sender,24739500,1
0x2239eccb0d91c0c648b36b967bb1ef38c5b2b13d,ethereum,sender,24739500,115570
0x71dd5f5d29ad8c6c463f0bf39552c63dc1096f04,ethereum,sender,24739500,3
0x47d2615da204f736ab1721da578e9bb8c5390cdb,ethereum,sender,24739500,1
0x7d112bcdd545582e1cabe21491d3c1ec0cda008a,ethereum,sender,24739500,0
0xc3c99c72aeb547b0f9988b14b2e88eefa5a7b16b,ethereum,receiver,24739500,
0x035d410e547f33cbdbc501b971de1a090b63232d,ethereum,sender,24739500,3
0x1090b56ab18401ee906a1d9f847cf5add9d44e82,ethereum,sender,24739500,10
0x5ad7350a47d4e1d5e2717037788680373e4569a8,ethereum,sender,24739500,8
0x303b45ee79cc9ebdf2a5ecd3031467c83bf6e34a,ethereum,sender,24739500,1
0x8d18d00074dd99de3e3f22210b705b9b0a19835a,ethereum,sender,24739500,381872
0xf1341498ffdf363fc5c0ed29c379cc328e536b52,ethereum,receiver,24739500,
0xe82d41a527fe99ca7ff4d2a2d9e458ef0e7eb36f,ethereum,sender,24739500,2504
0xb8b3698b5e771f02598d665af4bcb3cd60e2b442,ethereum,receiver,24739500,
0xa38214eb76af69b6c77c90a6aeeb442f77d5a9f6,ethereum,sender,24739500,3
0xa833150279675747db5078b2b03c70cd7d8dfa80,ethereum,sender,24739500,5
0xe7961c9f857b0a7e351fd8fb13fa029bbbbc049b,ethereum,sender,24739500,1
0x488d536c549aefcedaedbab13a8bc01daebfa72c,ethereum,sender,24739500,1085
0x4924a6e9edb70da2cce7a4e6de0712410a85aed5,ethereum,sender,24739500,5
0x79ff1f210c076063bfa38f8db46fa1474aba619c,ethereum,sender,24739500,34
0x3376c5a523ca636a17ee97a8c246e10e7a1a7b41,ethereum,sender,24739500,3
0x90216beb1c9671d9733b08be6d5ee87aa5d80d40,ethereum,sender,24739500,1
0xf50faf43b7a926dd0a462210db9ca5ac8bfe262e,ethereum,sender,24739500,1
0x01f71c3f6c20e7e7f5b3a649f01cdb71db4f0f43,ethereum,sender,24739500,85
0xa4b2bd5db6678b5b404805ee270655d5e3a00a0f,ethereum,sender,24739500,1
0xc853e78877c758cc43ad152726cb593f03d23030,ethereum,sender,24739500,231
0x81d40f21f12a8f0e3252bccb954d722d4c464b64,ethereum,receiver,24739500,
0x62c1fe975b2664a245bf6e7e604128e6d7c97b52,ethereum,sender,24739500,1
0x143dcc9459a2979e86ef35ee452d4a6bf610f5f7,ethereum,sender,24739500,2526
0x143dcc9459a2979e86ef35ee452d4a6bf610f5f7,ethereum,receiver,24739500,
0xc48580728cc6b9ad9e861394be4b79d8767e0815,ethereum,sender,24739500,1
0xd41c490a1cc83d9e921cba294f9dbe7f092f0936,ethereum,sender,24739500,19
0x9a66644084108a1bc23a9ccd50d6d63e53098db6,ethereum,sender,24739500,57479
0x5427fefa711eff984124bfbb1ab6fbf5e3da1820,ethereum,receiver,24739500,
0x128c6e85593741fb6208b8d9560158cb1d70a150,ethereum,sender,24739500,1
0x23b829d76c34f35d6462ecf9a40b6a56398fef13,ethereum,sender,24739500,7
0x425aa64403f0f350f4f8e646f282a3706a7da805,ethereum,sender,24739500,1
0x164b1675cd4a00f8658b4e8fc78d0810827963af,ethereum,sender,24739500,5
0xc752e96b2761895fdb9ff2f5e9099981d1398596,ethereum,sender,24739500,1
0x59ada1f4298d513051bb3d43e0eec3ec63019650,ethereum,sender,24739500,3
0xbf779810e50fc7f27dd3e17db35961c52003765f,ethereum,sender,24739500,3
0x14b19d1bd8afda88c68d3203096dce63c522f64b,ethereum,sender,24739500,1
0x4ce964e1021ab1d3b2549982db8e99eb22f829ce,ethereum,sender,24739500,2
0x4d988b30952134345616c0f6797a8308e504cc11,ethereum,sender,24739500,1
0x8a56db76fc5319230422242c2b6fe428c0b69b19,ethereum,sender,24739500,0
0x42b523e8c1187f76d0d8126798be1ad7eae4d498,ethereum,sender,24739500,1
0xc81816552ac331cd596a7127b2c9333373af222a,ethereum,sender,24739500,5
0x35d0fd3755c4f51111308fdb93963b47671e2dd1,ethereum,sender,24739500,1
0x9da0cbf1b60c9d02ef9449dc2ed4b05bc523e53a,ethereum,sender,24739500,63
0x7828cf184dae6ea81267cd5adb2e6b8bbb741bcc,ethereum,sender,24739500,1
0xf24b23a42b79e8305359d8c368ec2548960582dc,ethereum,sender,24739500,9
0x0d5596026bb0e43b12a57b937f2f29a5909155d8,ethereum,sender,24739500,10
0x3714ab75e1942a27a7532c0712cc186a2b372128,ethereum,sender,24739500,571
0x0a6bd85f8d183f9860545cc7834565da9e481c09,ethereum,sender,24739500,1
0x0f4c6c9e7c0cc93d8cb80bb04b6d999402e408f9,ethereum,sender,24739500,815
0x26d7745573d4be284ad6bcd65469145c0a1578d7,ethereum,receiver,24739500,
0x23978f6d1b2bc67a08d40194deddc01eda3f19f0,ethereum,sender,24739500,262
0xb3410a30af5033af822b8ea5ad3bd0a19490ea97,ethereum,receiver,24739500,
0x69c0d74180b6d6533b4743f8a6bb58ebdcb7fd44,ethereum,sender,24739500,1
0x505131f5df5e5f3c16aff44425b92f7daae9a73e,ethereum,sender,24739500,6
0x172bf8634112ca1c8eb390fc692b02904ebc2674,ethereum,sender,24739500,1
0xbd1164cca28db8181e6d38f6e0b7e59344edf256,ethereum,sender,24739500,1
0xfd945148d07a609abc73c9b2741f674d115874d9,ethereum,sender,24739500,109
0x05aa93d7f5dd819511b54582948903024202f272,ethereum,sender,24739500,1
0xeb8acf40d7a8fa0e512139bcb52b82bf1eda33b6,ethereum,sender,24739500,6
0xe9f572b90cf2a6fbba4293346fadf410fd39ab08,ethereum,sender,24739500,109
0xf75584ef6673ad213a685a1b58cc0330b8ea22cf,ethereum,receiver,24739500,
0x75c1cd46773892d5ca02a1aba1e96c0cd57c50ab,ethereum,sender,24739500,1
0x000442780bfce7f004ae94657120204851ef8a2e,ethereum,sender,24739500,2
0x968b52fb7f56694e459b5bd11368bbb4eb16f63b,ethereum,sender,24739500,1
0xa62c4db638e56cec4e1e9c725b44a9189561bedd,ethereum,sender,24739500,1
0x055498cfc0b9410ccb7136e9740c9813c7bfe3e0,ethereum,sender,24739500,1
0xe965cc9c386dafaaa2ea772709bc8408c551eabb,ethereum,sender,24739500,1
0xbdccbf26cd89e489a02e1fad746830378c7753de,ethereum,sender,24739500,3
0x4f5b75152a170c56ff0622dfcdfb5fd1b624928f,ethereum,sender,24739500,5
0x06e7e9be81d8f2f1d32d7effa9222f9fe15e4107,ethereum,sender,24739500,21
0xe7c090191ba342111485d2e98e3260106d20fdc7,ethereum,sender,24739500,8
0xcb09d7a8b49fa999ceddf04b560ad008802013b3,ethereum,sender,24739500,1
0x8322299dba22ab16c7eb4aa32a525fea37a5f759,ethereum,sender,24739500,1
0xeb943c230218e0da7b2ca18b81f7eb7fbbbe9665,ethereum,sender,24739500,255681
0x3ed258d8a224be058bb34ca5170b4d628c3ac903,ethereum,receiver,24739500,
0x06270aa374918c33ad9c1d24c74ef2eed1f869b2,ethereum,sender,24739500,1
0xde49f237edbc9b1bdcb8bf4aff1719420aeb4fe1,ethereum,sender,24739500,2
0x4bb4d31759dc64a8f0a9d8431d600e7d82c2a654,ethereum,sender,24739500,1
0x9f702c1394922132c8fbcdc5604ca1b6b01512f5,ethereum,sender,24739500,1
0xc51b3ee5f65c0b13a166d0fa4ab733af1769a83a,ethereum,sender,24739500,1
0xd08cfbfd11e809171616711d662a29b9e50f0595,ethereum,sender,24739500,237
0xbd216513d74c8cf14cf4747e6aaa6420ff64ee9e,ethereum,receiver,24739500,
0x72284b8f5b2a2962c3c4bb887ae958e112069bb4,ethereum,sender,24739500,4
0x0928200e5c298af190bb6afec00a575256adbc5d,ethereum,sender,24739500,4
0x00998493caeed57d02ea7946e363dbd4e26de751,ethereum,sender,24739500,1
0xf12613a365a04c0702a2252fbe8103673d5d15c5,ethereum,sender,24739500,1
0x4dd9ede996684f5d6e84da8a41de1ef5add765a4,ethereum,sender,24739500,143
0x72f32140383b6c7420f69a48b83869eaa45dceb3,ethereum,sender,24739500,1
0xe96c7b2aa173e1ce0d57682adbe7461ea197b9e6,ethereum,sender,24739500,6
0x4c103c54576a9bd6f2686cd8860c6c12d4ba3a80,ethereum,sender,24739500,1
0xa70854ac450f26480cbaeb467df22b90a403f855,ethereum,sender,24739500,5
0x7c992cad093bbf3e515abc66ae41e255d3c2c6ea,ethereum,sender,24739500,2
0xfed03313af005c8dff1afeac5b6bb23b479068fe,ethereum,sender,24739500,6
0x7e83f043ff399612a96353fd3f866eb0ae0cfd86,ethereum,sender,24739500,298
0x307576dd4f73f91bb8c4a2edb762938e8e067d31,ethereum,receiver,24739500,
0x5be04355e64a1d2195caaee89ffd5048f08e8898,ethereum,sender,24739500,61
0x731a2123a3d88f219c4ced5f8352fc3c74b765b8,ethereum,sender,24739500,726
0x32ea9a3a3e71cad78fa701b77d2071b7be97b705,ethereum,sender,24739500,1082
0xa0246c9032bc3a600820415ae600c6388619a14d,ethereum,receiver,24739500,
0xcf0c122c6b73ff809c693db761e7baebe62b6a2e,ethereum,receiver,24739500,
0x37d78a7a3c06f3dfaffae76b7194302f035d59d5,ethereum,receiver,24739500,
0xca85d12df55993406d54632e0d7e3a27785bf309,ethereum,receiver,24739500,
0xfe205e8ba6966719bb7c28b6d2ec9cbb7b32496d,ethereum,receiver,24739500,
0x56b4564395bec50e3222c15f3d29327dbb47e1f1,ethereum,receiver,24739500,
0x9db80be8dcb0f5fe9abc2e18bcf05cff9af3abe8,ethereum,receiver,24739500,
0x73f7b1184b5cd361cc0f7654998953e2a251dd58,ethereum,receiver,24739500,
