chain,block_number,block_timestamp,tx_hash,from,to,value,nonce,gas,gas_price,input_prefix
bnb,88743558,1774483376,0xe60d9d9ef27dfc297bb22ee230b3bdf43e83eb7821a645aa0240fe27506ddd30,0x7eb1092306306dbad7346550015a710ae1dcfa10,0x1266c6be60392a8ff346e8d5eccd3e69dd9c5f20,0x0,0,0xc350,0x0,0x426c6f63
bnb,88743558,1774483376,0x21da8bc19b0cb29b43ea04379a78649a83211790e7285550cc547b6cdd4c6de4,0xf9cd6dc301d648327ee7774a0f0f973275ffbffc,0x286da9568057420df90c5489e51cbb82b29f0301,0x17d146eaa899f,510542,0x2dd4a5,0x2faf080,0x1a916ed7
bnb,88743558,1774483376,0xa0ab483952e4f65111f8561d58a75a413d7c161dae6963b0485088f463dc9096,0xfcacd4c10f97bd2197b31df29a69fe93d2d031d7,0x89648100d12079c781e03f4d79e8da1624d3ba97,0x0,67586,0x83a26,0x2faf080,0x4e00c7fc
bnb,88743558,1774483376,0xe1c4df44ffda1a5d43e2d995413c9372c1e9a5057c679d151a729e369fbbf32a,0x99a48b0c3bb802a10e56919813668256649ccecd,0x6aba0315493b7e6989041c91181337b662fb1b90,0x0,88943,0xbec2d,0x68e7780,0x25356bc7
bnb,88743558,1774483376,0x94cfdef736f72528bf47aa83dcfa84cd512bfbe06e11d70eade99085998dd717,0xfcacd4c10f97bd2197b31df29a69fe93d2d031d7,0x89648100d12079c781e03f4d79e8da1624d3ba97,0x0,67587,0x44199,0x2faf080,0x23f403bb
bnb,88743558,1774483376,0xfd59166091d64f994769214d0cac9fcad9afab6241fe0892fe8d8ce9ca07d3f2,0x5efad5be835fe4db0cde3ccc3d7d5a446d6ef5a8,0x2480faeb931272cd1f7375d8f4c104a4db5fff63,0x0,51711,0x2dc6c0,0x0,0xb982fd01
bnb,88743558,1774483376,0xe40a6d8d98aba1819d25da057aba60410f4d008686667fbba5ce483d6bfd50c6,0xb6d6cc626e9f6743d90585915c263dba23d6e6a0,0x031942f26a094be40414f442a2f1295e3a5c1680,0x5987c3f66762,1200599,0x2f5b45,0x2faf080,0x1a916ed7
bnb,88743558,1774483376,0xac6c06f44b618d81e89b80412ad25242ac4e31a5b4f1ffcdafba101bd457197a,0x81547d30c59d0395cc17c3e5cba2ab72dbe675de,0xf2a69b94d3c7f2d2c35e8f44a94b42e5bf486ed8,0x3c8bf767a8ae,47535,0x85cf8,0x2faf080,0x4559b892
bnb,88743558,1774483376,0xb9d3caa2023e2668e233c70b47093a1abb2bc5b9d1f03508a44f42b3f34c4b4e,0x8747570eabde8de389034f30c1aef2d0ba5ae5fd,0xe6123111637c59e662b69f83511ccc184e2ff77d,0x101e42652523,127106,0x83da4,0x2faf080,0x1cdad5a1
bnb,88743558,1774483376,0x2081d86960f7107d4e25d2eee51e614c3b58e71f4d60fab69ebc32fde13b5e29,0x5af44f9f09de227d584400e428fab3bb064b4a5e,0x32564234df8961ae1d640be2cba4aeab54151551,0x0,603188,0x3453c,0x95dd70d,0xd9e301b7
bnb,88743558,1774483376,0xbab6605e1961b0cc34c078e82d5a906b798d995649035a1dad8031ea4f03b435,0xf58b7a3a6c8398f470813fcfb4c9b12085f702c4,0x8c8b5293795d643d982dcbafc905d0645e9f8efb,0xb683869ed98,185119,0x493e0,0x3197507,0x2c82b322
bnb,88743558,1774483376,0xa8b070c6dfd27861152e65893a14a9ba8d0c22295129e794de4a57817343abea,0xcc3c8267232254fdb2fb05c94b57281d37348741,0x9be0b883c7ce55da7946ede6b8c35ccc459bab51,0x0,14461321,0x7a120,0x2faf468,0x40140a31
bnb,88743558,1774483376,0x21e247183f2fce5f972ac8b74b4361fca944b655f3b733356400506dbd6a90d5,0xcc3c8267232254fdb2fb05c94b57281d37348741,0x9be0b883c7ce55da7946ede6b8c35ccc459bab51,0x0,14461322,0x7a120,0x4fa1b80,0x40140a31
bnb,88743558,1774483376,0x05bc701be1a0361b3313a99e7a8d998e3daff94f115d215164b13a75232c72b4,0x8c7f99bd2018ba6fe865800b72a2d7b636bba990,0x73b4c818892283e5fc37fee7b91ff7245b236d3c,0x1bf08eb0048,383178,0x493e0,0x365c047,0x2c82b322
bnb,88743558,1774483376,0x7fd916f77bce02a9fcb9599d149ceb104b3bd60ca8e3b24de45e352e8344e4ff,0xaaec8664ef6fe5416ca03803c2bc171d35642b5a,0xf6aef9c57491019fbc94e2caeb3fd98d8152dd5d,0x1b110a3a842,542489,0x493e0,0x3197505,0x566dd467
bnb,88743558,1774483376,0xd57a4d6596efbed571994400569bb44d0a7452e3f7b273b90ae5ea82ab1f2e17,0x99c6708233ed8dda29feebb99dbc86a2b49f2172,0xd9c500dff816a1da21a48a732d3498bf09dc9aeb,0x0,4198,0x302c0,0x2faf080,0x3593564c
bnb,88743558,1774483376,0xea1b48ed92a7bf09bf4dd07c0d586a8abf3d1f4d57ec5c3282ec7073a51399b0,0x5cadceaf8733a6c5dae7ef137a9cf639e8e96f1b,0x55d398326f99059ff775485246999027b3197955,0x0,119854,0x186a0,0xb2d05e00,0xa9059cbb
bnb,88743558,1774483376,0x15ad9bc5653a818e8c8c59015501ea76ba8b9d5e68af5ba2dc7f12b12c644f48,0xe584f6598002a0ab1639dca0b4056224c5c48aac,0xd36b6d646ac6e23672e9eedec558164c7f2d6deb,0x24f2beb1aa000,294,0x2dc6c0,0x8f0d180,0x27772d13
bnb,88743558,1774483376,0x94adacf05d5e08aa5a41149932ccebce3df40be53f7a0bdec4b28596cbcf6811,0x90e6e57ba337278a3f11db3e24e1fe9fa5c139ff,0x9acb046c65a92814f0f0017feaec0a0e016f2f49,0x0,768,0x700aa,0x7735940,0x0e58ab4e
bnb,88743558,1774483376,0x7021aa96fd196ab6b7de322130ea9100817b8a3fb22d551995e67723e8db6acd,0x26bd98954782c5f8ae5cb6e6f6c8617abacfd80a,0x1b5be83a2101b93d206faf09cc67a6aba754eb7a,0x2c4c1848,661918,0x83ace,0x68e7780,0x2002f4e8
bnb,88743558,1774483376,0x0b3d408eb1817406b067efe4440f3abbd03555a705ad23cc7c10ad0f99031d02,0x484bec09923654bed782518afb9da89e07003f75,0x55d398326f99059ff775485246999027b3197955,0x0,13241,0xa61e,0x5f5e100,0x23b872dd
bnb,88743558,1774483376,0xcd524b195d35e1904776073ba608cde5c8727079b0346df9a45fd6d04de05bb3,0x721fd43b5c39003562f0b96f94bb08fa9b36398e,0x10ed43c718714eb63d5aa57b78b54704e256024e,0x0,3223,0x224bd,0x5f5e100,0x791ac947
bnb,88743558,1774483376,0x9d19919b530c331f0cdd528fda50b075dc05c13bb1790e332c00aee0b48ff2a7,0x44ab7c94128c8e5e3bd57d02004740dfbf9e273d,0x681e908b8ab57c49c74d770f369754ccc3e1ae09,0x0,17178,0x13880,0x47868c0,0x69c477b6
bnb,88743558,1774483376,0x62bb77c7bd1a3d4efaa2eaae99c91f31d41c819562337daf0d9feb43845dc6ea,0x555f58174994dbabb502b4decfed84297e2b810c,0x07964f135f276412b3182a3b2407b8dd45000000,0xb5e620f48000,438,0xa124e,0x3e9bd50,0xd808d889
bnb,88743558,1774483376,0x065e1eb2015bf48285515b722f061f9bd3edc6de0f35ea32fb52fadb30160f6b,0xead482d6d38e74c9656218969075f4de2bb3c14a,0xead482d6d38e74c9656218969075f4de2bb3c14a,0x0,44,0x67b6c,0x3e9bd50,0x34fcd5be
bnb,88743558,1774483376,0x45e7cf45e1a44f70b8b58b5a1bfd61f5bc39856f71c6cc13cf5d3624e26fa520,0x6a033fa0f63c5886e3f92fa38c262d08de01a239,0x26f90e62051be8fa91f5372f79148f0ec8693304,0x0,12,0x379fe,0x3e9bd50,0xd75be429
bnb,88743558,1774483376,0xfca72e02c84ed5085e94890b3d2c26e8f988a1982dbdcc13fb9f080a2e522074,0x47db2d4d9e9a7aab8d4714ca6461651778357a9f,0x55d398326f99059ff775485246999027b3197955,0x0,69,0xea60,0x3e9bd50,0xa9059cbb
bnb,88743558,1774483376,0x1659bddf8c2da05a91863b4d2cc25b9b42000b1132712d8be748447c8f395b97,0xaa02bfccf21e225246e68dd024b4f8f0f3808c80,0x1f40465dce9a07a5273b4b63f5f9c31ff2bcbd9a,0x0,882,0xc9af1,0x3e9bd50,0x0e32db52
bnb,88743558,1774483376,0x0cd635f6c86af062604bd0b38386a7fc5b9ece95368e48f438b2030d68882765,0xdb6ec65c21dbb5f966481d8f7597242eefdac8d5,0x6eb6dd5d939f701906587287f24610e35913458f,0x0,156,0x14f055,0x3dfd240,0x4e71d92d
bnb,88743558,1774483376,0xf4432506adc3ac5c82f07a194273447a7d0040e67406c16074c9d2caa36b0422,0xba2ef757ba3429485c27ebbb064fc259649ede08,0x549296df74558b1342ffb5509eb97c225a27cd9e,0x0,1,0x927c0,0x3938700,0xcb771727
bnb,88743558,1774483376,0x361e6d41f9f9a0ffb22c7f5a035abe36eb3bb5b74c8c2b96620d2a59e56f7a7d,0x8de3144f3b5640038f710ab396a77aa2fd7fce01,0x82157cc7a5460e2e26fc29a4331feb8dc090769f,0x68539d9903280,115,0x5208,0x3938700,0x
bnb,88743558,1774483376,0x90c5a47dd84540e53ca1f61c1f6cb8a95a79af74cc05b5183cd5e154fef7d710,0x23262920a616df2f785ae737f79cd5390f7960f2,0x278d858f05b94576c1e6f73285886876ff6ef8d2,0x0,15176,0x927ca,0x3473bc2,0xa00597a0
bnb,88743558,1774483376,0xc98b715d4ebcf82121d5cc9f9ec779e4da9b1a314ec759fad7129a2291ce98a6,0xad0fd874c8607be0595ffcf5aece4f0cf14a9a37,0x1262e65aa1ff807c86b916a73aefaecb8a959b0b,0x0,175,0xd61a,0x32918e8,0x795e6854
bnb,88743558,1774483376,0x5d4e84bdf17b14b86539537aba46f96c9253d74772d8aceeb6b02b23ae6b705d,0x2024a9a72395619c4e99ff84be23ddd91422339f,0xfaa0a5c1a1aec3ee75a9963abc187fdc5455e5af,0x0,856670,0x927c0,0x3197500,0xeb9425e1
bnb,88743558,1774483376,0x147c40c431d923363d2e7d13cf747e53d35164db49de2311635959b8494e34bc,0x1b82e7d4b40a179fa4fd1c061ef8aed34e397bd7,0xd56b484fcbc9d82b0f55d8fec0e8e45f23278503,0x1ca35f0e00,2,0x5208,0x30291a0,0x
bnb,88743558,1774483376,0x6a442bcb5fca4b86b5a70c96bbe8646984ed6e76e96ca5a184289dbdd417d7fb,0xa2d96cd9f0f2c3788e54e54cbe7a7e220c5287cc,0x06f23161e60a8c754b71157379196974f977edca,0x0,3641,0x5208,0x2fb1790,0x
bnb,88743558,1774483376,0xce241d46decb876b54c83490b1f5b2550e7418bde44422550c427de362fb8cde,0xcc3c8267232254fdb2fb05c94b57281d37348741,0x9be0b883c7ce55da7946ede6b8c35ccc459bab51,0x0,14461323,0x7a120,0x2faf468,0x32c0611f
bnb,88743558,1774483376,0xebf6b99cf8d2e37dca448a0ae2d7938fe036d96637470d4bb7c87e530cc46a45,0x0884afab225876b99370638df6370bf90862cdad,0x55d398326f99059ff775485246999027b3197955,0x0,1,0x883a,0x2faf080,0xa9059cbb
bnb,88743558,1774483376,0xaef3a0dea3a7da7727e691384e9b0c2d6e24128b225729517cc354a1b4c1cff8,0xf3bf37535523b95a23f9a8818f6c9fccf12d0d8d,0xb300000b72deaeb607a12d5f54773d1c19c7028d,0x0,6504,0x4e200,0x2faf080,0x810c705b
bnb,88743558,1774483376,0xfc8b0b256bbf552ae74b11c6da4c4650b81fbc5939b2d508ef5e75888d6e1690,0xc3e5d4b9ee75f0152d20885387ac67aea39be0ce,0x04ce313a2bd8c5b18caae553914d08b9aef9dce5,0x0,22984,0x270d0,0x2faf080,0x430978de
bnb,88743558,1774483376,0x898d146371bc1eb8ea96ea5e22bcef53f6619f291f10bbe1d29b35276267cec6,0x17186a65c5db228859a1236fc44e427e49ac0288,0x55d398326f99059ff775485246999027b3197955,0x0,132049,0x186a0,0x2faf080,0xa9059cbb
bnb,88743558,1774483376,0xfe95ffa765b6dd442c2078fa1170d5b5df5af7fb102fd9d4762c550a0d45e3cd,0x8121003eb12a97900d1e84097f864420a9a95923,0xfd1491fd1baf6ba185747dc2ca14cb3be003bba6,0x0,66734,0x8ca0,0x2faf080,0x0169c477
bnb,88743558,1774483376,0x348c77d106e0c0d72d1f2dca5bf4075f0457fa6724b7f2e8cdb6592baac105bb,0xd83ad3bb690796955d9b2ea497983150025103d1,0x10ed43c718714eb63d5aa57b78b54704e256024e,0x0,3149,0x2a722,0x2faf080,0x38ed1739
bnb,88743558,1774483376,0x3f6adb4de26dae4e28112afa19b0fac0606b6baa23823a23aaf51712b6527ab4,0x2a139a72f6532b2075c1248b4f2227202a94979a,0x900650c66c8d317df5cacc2ea0d2f39549ba8632,0x0,1518262,0xa617,0x2faf080,0xa9059cbb
bnb,88743558,1774483376,0x4f1c8f4420abed19e3bc0c0b3532e89659798184afa275e7c3bd79c0d426459a,0x0235704cfa4a27ad2b2cdd0572656dc0ee9cb36a,0xe1191102bdcea1928a93b4d6ea7bf5c4e9207210,0x0,436267,0xdac0,0x2faf080,0x4c00054a
bnb,88743558,1774483376,0x154db516b48ef003369335de8eb145ef41a3f048db639590486e684bfdd9bdd0,0xeebdaecc8a83e11ff2fca96b5b76d47ee9cb99af,0x55d398326f99059ff775485246999027b3197955,0x0,31,0x86d4,0x2faf080,0xa9059cbb
bnb,88743558,1774483376,0x797bd396523b3bc71d8a09d565bed84898cbbf637630dc498422bbc9b45dea92,0xc3f5edd05a3ed1072e75c05720d910c56db8fd1d,0xa0f69e0d22c6587c51e9be851ec580fd33cc3a29,0x0,1567864,0xb71b0,0x0,0xa780bd52
bnb,88743558,1774483376,0x54d0fd2fce4c252f798036f97cf1b42e69c2d14fc7c41cf187d5aaf07fa34476,0x0d4254b0afc18e7c8d8c5a1c14a5cd3e625b590d,0x284ad580c3425609a302f96493e4ae9dc2cfd398,0x0,435,0xb71b0,0x0,0xb88a802f
bnb,88743558,1774483376,0xd39816c8140b88c8aacd98151e222360984966502833f0dfddafa5a8b9feb5cb,0xa1e101182d321ebd9adefb4fb556143333104070,0x3699d03e988701143cadf47887075f9ec724d7f9,0x9,156463,0xb71b0,0x0,0xa9059cbb
bnb,88743558,1774483376,0x5b6583099a6834b06e598b10231ef08bb6fbb4192d9fc7bf0ea93f52c7911b65,0x19b0f9d23e4162db6172b5b71e99deda92bbc493,0xb300000b72deaeb607a12d5f54773d1c19c7028d,0x0,4257,0x845fd,0x2faf080,0x810c705b
bnb,88743558,1774483376,0x1ed4d82495c527329004494ce253d40fcb8a437d2e53e5ff632587f7640b9576,0xf4c2baa132722670cc0eb89c8a9329ee8f2389ed,0x3bc367866468d4f80096be899b66ab29d03f2717,0x0,592982,0x11af58,0x905b0d4,0x00000002
bnb,88743558,1774483376,0x7cede0230f0ae61143148cbdf205f534da5b15904e806a92686480ea89be3c36,0x595db43fb04e1422222ecb327d98ddafdc814241,0x22ca19f13c5979d93bbe7b082e8e084a6c7b2511,0x0,7119999,0xf42a5,0x3473bc3,0x49c36c07
bnb,88743558,1774483376,0x9a971d549f3005ee744d09321afb3acc2f919293298a3cf9c35a5c87def7fe9e,0x4337006f33e2940fcbebd899bf2396117e65df9b,0x0000000071727de22e5e9d8baf0edac6f37da032,0x0,282019,0x121101,0x58d44bc,0x765e827f
bnb,88743558,1774483376,0x303259f43a8f60a65f822cb1af40613d52830fc1002b3c5b3cc4669c11516dbb,0x84b869d66a79fa3672a724b71cd61ae403087b2a,0xf524c1bc1c64a2c99bc7eccf19ede9a1d89d5a7c,0x0,558384,0xdac0,0x2faf080,0x7000054a
bnb,88743558,1774483376,0x9dd11db56fc6ef6379fd4347d94f20fa0f51b4e803e770105d7ec1352067e54f,0xdd5d220414e68b58c11fb5e609df3f8869e26a2d,0xdd5d220414e68b58c11fb5e609df3f8869e26a2d,0x0,451,0x33cf4,0x3e9bd50,0x34fcd5be
bnb,88743558,1774483376,0xdc11b316d775d100f3aa7b869614946450b47ea29bb195aa798a8c02ce20b334,0x8961b0e8a7b2d9d98f8f4f33473bd581fbbe2f9e,0x7139dd70593b6c08138cf35d739b2d64cf55c770,0x0,34,0x1cd38,0x3e9bd50,0x414bf389
bnb,88743558,1774483376,0xb969204bc5453d272487cde4719c01780e3bb97d42a098913e5e902946bda3c6,0x1266c6be60392a8ff346e8d5eccd3e69dd9c5f20,0x6dcad62fc4cf34a8a1ad812d99ca861f4aaadc26,0xabf,21606439,0x5208,0x979e7ea92,0x
bnb,88743558,1774483376,0xa695ecb74da3a6e8b268d4e935274a941626e4a4b314c0458dd415ef99656c54,0x96c8d1bd825327ac58254ad0036fa4ecd42f3b7e,0x50061047b9c7150f0dc105f79588d1b07d2be250,0x0,2046161,0x61a8,0x0,0x
bnb,88743558,1774483376,0xb271236e7a4433f0ccee340f55aaf1ffc70704dbf64eb84717530bd88799616b,0x7b501c7944185130dd4ad73293e8aa84effdcee7,0x0000000000000000000000000000000000001000,0x5c57b0cd8c042,2132204,0x7fffffffffffffff,0x0,0xf340fa01
